SLNO,Name,Rate,Role,Cost-Centre,Team,C-ID,Start-Date,End-Date,Status,Band,SOW-ID,Appx Billing,Shift,Comments,Unnamed: 14,Unnamed: 15,Unnamed: 16,Unnamed: 17,Unnamed: 18,Unnamed: 19,Unnamed: 20,Unnamed: 21,Unnamed: 22
1,Vivaan Kaur,$22.50,Engineer,MH-BYN,Delta,C74337,09-11-2019,17-07-2020,Active,A,SOW-3085,"$12,170.00",9 AM - 6 PM,,,,,,,,,,
2,Shivansh Chopra,$39.50,OPS,MH-OPS,Epsilon,C51149,17-12-2023,01-01-2025,Active,D,SOW-5585,"$12,140.00",9 AM - 6 PM,Needs training,,,,,,,,,
3,Arjun Iyer,$55.00,Analyst,MH-BYN,Zeta,C32254,17-09-2023,,Active,D,SOW-7231,"$9,000.00",9 AM - 6 PM,,,,,,,,,,
4,Vihaan Malik,$35.50,Manager,,Beta,C85890,18-08-2019,19-09-2019,Active,A,SOW-4607,"$13,640.00",10 AM - 7 PM,Team lead,,,,,,,,,
5,Tara Patel,$57.00,Manager,,Eta,C49576,19-03-2020,09-06-2022,Inactive,A,SOW-8054,"$2,370.00",Flexible,,,,,,,,,,
6,Aditya Sharma,$52.50,QA,MH-BYN,Iota,C67421,05-02-2019,,Inactive,D,SOW-1532,"$11,180.00",7 AM - 4 PM,Overtime,,,,,,,,,
7,Vivaan Chopra,$45.00,OPS,MH-OPS,Delta,C76319,08-10-2022,24-08-2023,Inactive,E,SOW-2988,"$4,330.00",1 PM - 10 PM,,,,,,,,,,
8,Saanvi Menon,$52.50,Manager,,Beta,C96053,28-09-2019,15-02-2021,Inactive,F,SOW-4346,"$2,350.00",9 AM - 6 PM,Part-time,,,,,,,,,
9,Anirudh Roy,$47.50,QA,MH-BYN,Epsilon,C78504,08-09-2019,06-02-2021,Active,A,SOW-8794,"$13,410.00",9 AM - 6 PM,Good performance,,,,,,,,,
10,Nirvaan Yadav,$43.00,NEW,EXR-OPS,Delta,C28291,01-11-2020,22-10-2022,Inactive,E,SOW-4765,"$9,250.00",7 AM - 4 PM,Part-time,,,,,,,,,
11,Aarohi Dutta,$33.00,QA,MH-BYN,Theta,C19893,16-09-2023,01-01-2025,Active,F,SOW-6653,"$2,900.00",1 PM - 10 PM,Needs training,,,,,,,,,
12,Jay Kaur,$48.50,QA,MH-BYN,Delta,C35182,11-06-2023,,Inactive,E,SOW-4547,"$5,880.00",9 AM - 6 PM,Needs training,,,,,,,,,
13,Pranav Kaur,$49.50,EXR,EXR-OPS,Iota,C20172,10-06-2019,11-10-2021,Active,A,SOW-9997,"$1,730.00",12 PM - 9 PM,Good performance,,Allowance,,,,,,,₹ 64
14,Nirvaan Pandey,$51.00,OPS,MH-OPS,Delta,C97927,12-03-2022,,Inactive,D,SOW-7263,"$12,760.00",1 PM - 10 PM,Good performance,,,,,,,,,
15,Ananya Iyer,$29.00,EXR,EXR-OPS,Beta,C46479,21-11-2022,01-01-2025,Active,E,SOW-7450,"$10,160.00",12 PM - 9 PM,Needs training,,,,,,,,,
16,Dhruv Sharma,$27.00,Manager,,Epsilon,C92964,17-09-2021,12-02-2024,Active,F,SOW-1684,"$14,950.00",10 AM - 7 PM,Part-time,,,,,,,,,
17,Aayan Roy,$47.00,Analyst,MH-BYN,Zeta,C65014,08-03-2023,01-01-2025,Inactive,A,SOW-9468,"$3,150.00",12 PM - 9 PM,Good performance,,Travel,,,,,,,$91.00
18,Aarohi Reddy,$39.00,Analyst,MH-BYN,Eta,C18514,26-09-2021,,Active,E,SOW-7246,"$11,820.00",12 PM - 9 PM,Overtime,,,,,,,,,
19,Maya Pillai,$36.00,NEW,EXR-OPS,Gamma,C67543,17-07-2023,,Inactive,C,SOW-7367,"$1,010.00",7 AM - 4 PM,On break,,,,,,,,,
20,Shivansh Gill,$39.00,Manager,,Alpha,C68123,06-05-2023,03-10-2023,Inactive,D,SOW-5166,"$12,220.00",10 AM - 7 PM,On break,,,,,,,,,
21,Aarav Mehta,$38.00,OPS,MH-OPS,Epsilon,C85763,19-10-2023,,Active,F,SOW-9419,"$8,350.00",9 AM - 6 PM,Needs training,,,,,,,,,
22,Arjun Verma,$26.50,OPS,MH-OPS,Eta,C22930,20-06-2022,18-09-2023,Inactive,B,SOW-5929,"$11,490.00",Flexible,Needs training,,,,,,,,,
23,Sara Mukherjee,$50.50,Designer,MH-BYN,Eta,C73766,15-03-2022,,Inactive,D,SOW-3648,"$2,820.00",12 PM - 9 PM,Part-time,,,,,,,,,
24,Pranav Pillai,$35.50,Engineer,MH-BYN,Epsilon,C29026,12-08-2023,01-01-2025,Active,B,SOW-4270,"$2,020.00",10 AM - 7 PM,Good performance,,,,,,,,,
25,Vivaan Sharma,$47.00,Analyst,MH-BYN,Alpha,C91033,12-06-2021,07-02-2022,Active,A,SOW-5275,"$1,300.00",7 AM - 4 PM,,,,,,,,,,
26,Priyansh Patel,$33.00,OPS,MH-OPS,Theta,C66448,19-07-2023,,Active,E,SOW-4613,"$9,550.00",7 AM - 4 PM,Part-time,,,,,,,,,
27,Krish Chopra,$33.50,OPS,MH-OPS,Zeta,C28358,15-07-2021,02-03-2023,Inactive,A,SOW-8589,"$2,730.00",Flexible,On break,,,,,,,,,
28,Jay Kumar,$53.50,EXR,EXR-OPS,Beta,C34833,05-03-2023,,Active,C,SOW-4274,"$2,320.00",Flexible,,,,,,,,,,
29,Shivansh Das,$42.00,Analyst,MH-BYN,Eta,C27068,06-02-2019,,Active,C,SOW-7695,"$11,310.00",10 AM - 7 PM,Part-time,,,,,,,,,
30,Shivansh Reddy,$50.00,Manager,,Eta,C52916,29-08-2020,,Active,C,SOW-1846,"$1,400.00",Flexible,On break,,,,,,,,,
31,Diya Nair,$28.50,Dev,MH-BYN,Beta,C45548,22-04-2022,04-01-2023,Active,A,SOW-9655,"$12,830.00",Flexible,On break,,,,,,,,,
32,Vihaan Malik,$43.50,NEW,EXR-OPS,Zeta,C65957,25-11-2022,01-12-2023,Inactive,E,SOW-6635,"$7,300.00",9 AM - 6 PM,Good performance,,,,,,,,,
33,Aarohi Dutta,$41.50,EXR,EXR-OPS,Theta,C72151,01-11-2020,,Inactive,D,SOW-5284,"$13,010.00",10 AM - 7 PM,Needs training,,Travel,,,,,,,$79.00
34,Ishita Iyer,$56.00,NEW,EXR-OPS,Kappa,C37110,01-10-2020,09-08-2022,Active,F,SOW-8430,"$4,280.00",12 PM - 9 PM,Part-time,,Bonus,,,,,,,$190.00
35,Aisha Joshi,$52.00,Dev,MH-BYN,Zeta,C65005,14-10-2023,13-12-2023,Active,A,SOW-3990,"$14,790.00",1 PM - 10 PM,Overtime,,,,,,,,,
36,Aarohi Rao,$41.50,EXR,EXR-OPS,Theta,C54497,26-12-2020,20-06-2021,Active,D,SOW-1390,"$4,540.00",12 PM - 9 PM,Overtime,,Travel,,,,,,,$54.00
37,Priyansh Mehta,$36.50,OPS,MH-OPS,Theta,C17730,09-07-2021,19-06-2023,Active,F,SOW-5683,"$11,400.00",1 PM - 10 PM,Team lead,,,,,,,,,
38,Aarav Kaur,$42.00,OPS,MH-OPS,Gamma,C84817,29-04-2020,16-04-2021,Inactive,A,SOW-1575,"$3,580.00",9 AM - 6 PM,Overtime,,,,,,,,,
39,Ojas Malik,$36.50,Manager,,Iota,C54493,31-05-2023,,Inactive,F,SOW-2263,"$13,040.00",10 AM - 7 PM,Good performance,,,,,,,,,
40,Ananya Aggarwal,$37.50,Engineer,MH-BYN,Epsilon,C14346,16-05-2021,14-07-2021,Inactive,D,SOW-1433,"$11,060.00",9 AM - 6 PM,Part-time,,,,,,,,,
41,Aarav Sharma,$27.00,EXR,EXR-OPS,Delta,C37144,20-11-2020,11-02-2022,Inactive,D,SOW-8482,"$1,720.00",1 PM - 10 PM,Good performance,,,,,,,,,
42,Vivaan Yadav,$44.00,Designer,MH-BYN,Gamma,C54574,03-07-2022,10-03-2024,Inactive,A,SOW-3442,"$2,470.00",Flexible,Good performance,,Bonus,,,,,,,$58.00
43,Aditya Nair,$27.00,Analyst,MH-BYN,Beta,C59005,17-12-2021,,Inactive,F,SOW-3893,"$11,020.00",Flexible,Team lead,,,,,,,,,
44,Vivaan Kumar,$25.50,EXR,EXR-OPS,Theta,C83920,05-01-2020,03-02-2021,Active,C,SOW-1631,"$13,060.00",Flexible,Team lead,,Perdiem,,,,,,,$19.00
45,Tara Naidu,$23.00,Analyst,MH-BYN,Delta,C58128,17-01-2021,,Inactive,D,SOW-9838,"$6,760.00",Flexible,Part-time,,,,,,,,,
46,Zara Kaur,$21.50,Dev,MH-BYN,Epsilon,C99773,28-02-2019,,Inactive,E,SOW-9557,"$13,640.00",Flexible,Good performance,,Meal Allowance,,,,,,,₹ 50
47,Anirudh Iyer,$21.00,Engineer,MH-BYN,Zeta,C74369,13-10-2019,,Inactive,B,SOW-2688,"$4,480.00",Flexible,Good performance,,,,,,,,,
48,Vihaan Thakur,$43.50,EXR,EXR-OPS,Epsilon,C35586,30-05-2021,12-02-2022,Inactive,F,SOW-6626,"$2,110.00",1 PM - 10 PM,Part-time,,Perdiem,,,,,,,₹ 55
49,Reyansh Dutta,$37.50,Designer,MH-BYN,Eta,C91652,17-11-2019,21-07-2020,Inactive,C,SOW-3074,"$1,520.00",7 AM - 4 PM,Good performance,,,,,,,,,
50,Shivansh Dutta,$36.00,Designer,MH-BYN,Gamma,C93969,25-10-2020,02-11-2021,Inactive,B,SOW-5641,"$4,550.00",10 AM - 7 PM,Needs training,,Allowance,,,,,,,$130.00
51,Ritvik Dutta,$54.00,Engineer,MH-BYN,Eta,C42188,17-03-2019,05-05-2020,Active,F,SOW-4636,"$7,030.00",Flexible,On break,,,,,,,,,
52,Aayan Pathak,$20.50,Dev,MH-BYN,Alpha,C82602,13-07-2022,,Inactive,F,SOW-2739,"$7,140.00",Flexible,Overtime,,Perdiem,,,,,,,₹ 53
53,Ishita Kaur,$29.00,EXR,EXR-OPS,Delta,C78204,06-03-2020,,Active,F,SOW-3928,"$1,690.00",9 AM - 6 PM,Good performance,,Travel,,,,,,,$22.00
54,Reyansh Patel,$45.50,Engineer,MH-BYN,Kappa,C80645,06-06-2022,18-07-2023,Inactive,E,SOW-5113,"$12,600.00",1 PM - 10 PM,Part-time,,,,,,,,,
55,Aarohi Menon,$54.00,Engineer,MH-BYN,Kappa,C64679,05-08-2022,14-04-2023,Inactive,B,SOW-7670,"$9,870.00",1 PM - 10 PM,Overtime,,,,,,,,,
56,Saanvi Kaur,$50.50,Engineer,MH-BYN,Epsilon,C43721,30-07-2021,,Active,D,SOW-5314,"$14,800.00",Flexible,,,,,,,,,,
57,Aarohi Kaur,$39.50,Designer,MH-BYN,Kappa,C65749,11-01-2020,13-02-2021,Active,C,SOW-4450,"$5,850.00",10 AM - 7 PM,Needs training,,,,,,,,,
58,Arjun Reddy,$30.50,Manager,,Alpha,C21973,27-06-2020,13-09-2021,Inactive,D,SOW-1763,"$11,740.00",Flexible,On break,,,,,,,,,
59,Aisha Aggarwal,$31.50,NEW,EXR-OPS,Kappa,C48138,01-09-2023,26-10-2024,Inactive,F,SOW-7411,"$3,930.00",12 PM - 9 PM,Team lead,,,,,,,,,
60,Tara Gupta,$38.50,QA,MH-BYN,Epsilon,C32733,29-09-2021,23-12-2022,Active,C,SOW-9385,"$3,150.00",1 PM - 10 PM,On break,,,,,,,,,
61,Krish Verma,$42.00,Manager,,Alpha,C83957,16-11-2020,,Inactive,D,SOW-8793,"$1,640.00",10 AM - 7 PM,On break,,,,,,,,,
62,Sara Yadav,$57.50,Analyst,MH-BYN,Iota,C37184,25-02-2020,,Inactive,D,SOW-4112,"$8,400.00",9 AM - 6 PM,Team lead,,,,,,,,,
63,Aarohi Das,$27.00,EXR,EXR-OPS,Kappa,C67533,01-11-2022,13-06-2024,Active,C,SOW-2973,"$11,450.00",Flexible,Part-time,,,,,,,,,
64,Krish Kumar,$23.00,Analyst,MH-BYN,Epsilon,C53382,09-06-2019,14-10-2020,Inactive,F,SOW-8693,"$1,980.00",9 AM - 6 PM,,,,,,,,,,
65,Aisha Dutta,$39.00,Engineer,MH-BYN,Eta,C36522,25-03-2019,25-08-2019,Inactive,F,SOW-2389,"$5,730.00",9 AM - 6 PM,Needs training,,Travel,,,,,,,$45.00
66,Nirvaan Gupta,$22.00,Designer,MH-BYN,Theta,C20140,30-03-2019,31-01-2020,Inactive,D,SOW-3096,"$11,050.00",7 AM - 4 PM,Overtime,,,,,,,,,
67,Shivansh Naidu,$33.00,NEW,EXR-OPS,Epsilon,C75183,19-06-2019,21-06-2020,Inactive,D,SOW-6638,"$3,520.00",Flexible,Good performance,,,,,,,,,
68,Anirudh Bhat,$36.00,OPS,MH-OPS,Iota,C55931,22-07-2023,,Active,C,SOW-1049,"$9,510.00",7 AM - 4 PM,Overtime,,Travel,,,,,,,₹ 79
69,Ishan Kumar,$46.50,Analyst,MH-BYN,Epsilon,C12676,03-10-2019,,Inactive,A,SOW-7507,"$3,420.00",1 PM - 10 PM,Needs training,,,,,,,,,
70,Vihaan Thakur,$37.50,Analyst,MH-BYN,Iota,C79420,16-11-2019,26-01-2021,Active,F,SOW-5530,"$12,650.00",7 AM - 4 PM,Good performance,,,,,,,,,
71,Aditya Pandey,$31.00,Dev,MH-BYN,Kappa,C94848,07-01-2020,14-03-2022,Inactive,D,SOW-2939,"$10,050.00",10 AM - 7 PM,Overtime,,USD Rate,,,,,,,$195.00
72,Aisha Aggarwal,$59.00,EXR,EXR-OPS,Theta,C67076,18-02-2021,25-10-2022,Inactive,E,SOW-1302,"$8,250.00",9 AM - 6 PM,Needs training,,,,,,,,,
73,Diya Gupta,$41.50,QA,MH-BYN,Delta,C94691,22-09-2020,,Active,F,SOW-2425,"$2,380.00",1 PM - 10 PM,Team lead,,,,,,,,,
74,Zara Aggarwal,$31.00,Analyst,MH-BYN,Theta,C29422,10-09-2022,01-01-2025,Active,A,SOW-1396,"$1,330.00",9 AM - 6 PM,Good performance,,,,,,,,,
75,Dhruv Pandey,$42.50,EXR,EXR-OPS,Delta,C91306,21-08-2022,27-12-2023,Active,D,SOW-3729,"$5,460.00",9 AM - 6 PM,,,,,,,,,,
76,Nirvaan Pathak,$31.00,Engineer,MH-BYN,Eta,C40198,24-10-2019,,Active,D,SOW-2643,"$14,690.00",12 PM - 9 PM,On break,,,,,,,,,
77,Aisha Menon,$34.50,Manager,,Delta,C83164,09-11-2023,24-01-2024,Inactive,B,SOW-4300,"$11,200.00",Flexible,Team lead,,,,,,,,,
78,Pranav Joshi,$37.50,EXR,EXR-OPS,Alpha,C58464,02-02-2019,09-10-2020,Active,A,SOW-1375,"$8,540.00",10 AM - 7 PM,On break,,,,,,,,,
79,Aisha Singh,$54.00,Dev,MH-BYN,Iota,C61641,30-06-2019,30-01-2022,Active,A,SOW-2423,"$11,310.00",10 AM - 7 PM,,,,,,,,,,
80,Ved Reddy,$37.00,NEW,EXR-OPS,Gamma,C68830,24-06-2023,23-12-2024,Inactive,F,SOW-2447,"$12,890.00",7 AM - 4 PM,,,,,,,,,,
81,Diya Kumar,$27.50,QA,MH-BYN,Alpha,C47738,28-09-2022,13-06-2024,Inactive,C,SOW-5116,"$6,810.00",7 AM - 4 PM,,,,,,,,,,
82,Arjun Pillai,$35.50,QA,MH-BYN,Alpha,C86528,11-03-2019,19-10-2021,Active,E,SOW-2600,"$6,160.00",Flexible,Team lead,,,,,,,,,
83,Vihaan Pathak,$38.00,Engineer,MH-BYN,Epsilon,C92930,28-10-2022,,Inactive,A,SOW-5650,"$11,690.00",Flexible,Needs training,,,,,,,,,
84,Aditya Menon,$36.00,OPS,MH-OPS,Zeta,C22958,29-11-2019,17-08-2021,Active,C,SOW-1710,"$10,220.00",9 AM - 6 PM,Needs training,,Perdiem,,,,,,,₹ 82
85,Ishan Rao,$44.50,Dev,MH-BYN,Iota,C24254,30-11-2021,,Inactive,D,SOW-9388,"$7,020.00",10 AM - 7 PM,Part-time,,,,,,,,,
86,Ojas Dutta,$22.00,Engineer,MH-BYN,Gamma,C40453,17-02-2021,,Active,B,SOW-2008,"$14,270.00",7 AM - 4 PM,Good performance,,,,,,,,,
87,Ojas Kaur,$33.50,Analyst,MH-BYN,Gamma,C21350,21-01-2019,14-12-2019,Inactive,F,SOW-4160,"$5,610.00",9 AM - 6 PM,Overtime,,,,,,,,,
88,Krish Roy,$44.50,EXR,EXR-OPS,Zeta,C63201,26-09-2023,,Active,B,SOW-7672,"$13,290.00",Flexible,Part-time,,,,,,,,,
89,Ritvik Thakur,$47.50,OPS,MH-OPS,Zeta,C92521,07-08-2019,24-04-2022,Inactive,D,SOW-9803,"$13,010.00",9 AM - 6 PM,,,,,,,,,,
90,Vivaan Sharma,$32.00,Engineer,MH-BYN,Epsilon,C35461,25-09-2020,01-03-2022,Active,F,SOW-9474,"$4,020.00",9 AM - 6 PM,Part-time,,,,,,,,,
91,Aarohi Menon,$46.00,NEW,EXR-OPS,Gamma,C33569,09-11-2022,25-02-2024,Inactive,F,SOW-3315,"$1,540.00",9 AM - 6 PM,Team lead,,,,,,,,,
92,Arjun Reddy,$55.50,Dev,MH-BYN,Delta,C44964,21-05-2019,05-09-2019,Inactive,C,SOW-1107,"$2,470.00",9 AM - 6 PM,Team lead,,,,,,,,,
93,Ved Aggarwal,$47.50,QA,MH-BYN,Delta,C38410,09-03-2023,01-01-2025,Inactive,D,SOW-1688,"$4,250.00",10 AM - 7 PM,Part-time,,,,,,,,,
94,Ved Sen,$47.00,Dev,MH-BYN,Iota,C69747,11-05-2020,29-11-2021,Inactive,E,SOW-2886,"$1,060.00",Flexible,Good performance,,,,,,,,,
95,Ojas Menon,$51.50,Designer,MH-BYN,Kappa,C65159,22-11-2023,22-05-2024,Active,A,SOW-7897,"$11,230.00",7 AM - 4 PM,,,,,,,,,,
96,Aditya Pandey,$54.00,Designer,MH-BYN,Kappa,C46531,26-03-2021,,Inactive,E,SOW-8787,"$8,210.00",Flexible,Part-time,,,,,,,,,
97,Jay Reddy,$45.50,Manager,,Zeta,C26519,11-04-2021,25-06-2021,Inactive,B,SOW-5260,"$3,130.00",9 AM - 6 PM,,,,,,,,,,
98,Sara Reddy,$46.50,NEW,EXR-OPS,Iota,C38990,18-03-2022,,Active,E,SOW-9208,"$4,190.00",7 AM - 4 PM,Overtime,,,,,,,,,
99,Tara Thakur,$24.00,OPS,MH-OPS,Gamma,C95898,16-10-2020,,Inactive,C,SOW-3384,"$1,050.00",9 AM - 6 PM,Part-time,,,,,,,,,
100,Aditya Reddy,$22.50,QA,MH-BYN,Alpha,C62878,28-12-2019,,Inactive,B,SOW-5164,"$9,440.00",7 AM - 4 PM,Needs training,,,,,,,,,
101,Ved Bhat,$53.00,OPS,MH-OPS,Iota,C75999,24-07-2020,16-02-2023,Inactive,B,SOW-6757,"$12,110.00",10 AM - 7 PM,Part-time,,,,,,,,,
102,Aisha Malik,$58.00,QA,MH-BYN,Epsilon,C98342,20-02-2021,18-09-2023,Active,F,SOW-1065,"$6,740.00",Flexible,Needs training,,,,,,,,,
103,Aditya Kumar,$37.00,QA,MH-BYN,Theta,C86058,28-11-2021,06-12-2022,Inactive,D,SOW-9178,"$8,310.00",7 AM - 4 PM,Overtime,,,,,,,,,
104,Ishan Patel,$27.50,Manager,,Gamma,C55886,06-03-2019,07-11-2020,Active,C,SOW-5222,"$9,610.00",12 PM - 9 PM,Good performance,,,,,,,,,
105,Akshay Yadav,$36.50,Analyst,MH-BYN,Zeta,C84361,03-11-2021,22-10-2022,Inactive,D,SOW-1607,"$10,240.00",10 AM - 7 PM,Part-time,,,,,,,,,
106,Maya Dutta,$50.50,EXR,EXR-OPS,Epsilon,C21435,05-07-2020,,Active,C,SOW-4189,"$2,310.00",7 AM - 4 PM,Overtime,,,,,,,,,
107,Maya Pandey,$57.00,Designer,MH-BYN,Theta,C36808,04-04-2023,,Inactive,F,SOW-9717,"$2,760.00",10 AM - 7 PM,Overtime,,,,,,,,,
108,Tara Yadav,$46.00,Analyst,MH-BYN,Iota,C10654,30-07-2019,,Inactive,D,SOW-5680,"$2,270.00",7 AM - 4 PM,Overtime,,,,,,,,,
109,Arjun Pathak,$33.00,OPS,MH-OPS,Beta,C29545,08-09-2021,21-04-2023,Inactive,B,SOW-1426,"$11,620.00",Flexible,,,,,,,,,,
110,Pranav Nair,$20.00,Manager,,Beta,C91884,14-07-2022,29-11-2024,Active,D,SOW-1263,"$14,940.00",12 PM - 9 PM,Part-time,,,,,,,,,
111,Aisha Yadav,$52.50,OPS,MH-OPS,Zeta,C50464,02-12-2023,,Active,C,SOW-2142,"$3,340.00",12 PM - 9 PM,Needs training,,Bonus,,,,,,,$27.00
112,Ojas Sen,$59.00,Engineer,MH-BYN,Gamma,C75492,04-06-2022,19-10-2023,Inactive,E,SOW-1058,"$1,470.00",1 PM - 10 PM,,,,,,,,,,
113,Akshay Naidu,$58.00,QA,MH-BYN,Beta,C16767,06-02-2020,15-04-2020,Inactive,B,SOW-5102,"$6,610.00",Flexible,Overtime,,Travel,,,,,,,$137.00
114,Shivansh Patel,$29.00,Designer,MH-BYN,Delta,C45289,28-06-2019,26-06-2021,Active,D,SOW-5303,"$6,860.00",1 PM - 10 PM,,,,,,,,,,
115,Priyansh Roy,$44.00,Analyst,MH-BYN,Eta,C73608,07-11-2021,14-12-2021,Active,A,SOW-2112,"$14,050.00",Flexible,,,,,,,,,,
116,Maya Pandey,$53.00,Engineer,MH-BYN,Epsilon,C49292,27-08-2020,,Inactive,E,SOW-8386,"$2,360.00",12 PM - 9 PM,Team lead,,,,,,,,,
117,Aarohi Das,$27.50,QA,MH-BYN,Kappa,C96316,23-08-2019,22-12-2020,Active,C,SOW-1501,"$11,520.00",9 AM - 6 PM,Part-time,,,,,,,,,
118,Ishita Joshi,$58.50,Manager,,Theta,C31557,14-01-2022,10-03-2023,Active,C,SOW-2717,"$9,190.00",7 AM - 4 PM,Overtime,,,,,,,,,
119,Aditya Pillai,$45.00,Dev,MH-BYN,Alpha,C72211,23-07-2023,,Active,E,SOW-1831,"$8,730.00",12 PM - 9 PM,Team lead,,,,,,,,,
120,Pranav Mehta,$33.00,Analyst,MH-BYN,Eta,C43223,28-10-2023,,Inactive,B,SOW-1453,"$8,070.00",12 PM - 9 PM,,,,,,,,,,
121,Aayan Kumar,$39.00,Analyst,MH-BYN,Delta,C73756,20-02-2020,18-06-2021,Active,B,SOW-1551,"$3,580.00",Flexible,Part-time,,,,,,,,,
122,Priyansh Chopra,$41.00,EXR,EXR-OPS,Gamma,C11762,26-06-2019,,Active,D,SOW-6081,"$14,880.00",10 AM - 7 PM,Needs training,,,,,,,,,
123,Vihaan Joshi,$42.00,QA,MH-BYN,Iota,C21742,12-12-2022,15-06-2023,Active,B,SOW-4860,"$10,450.00",7 AM - 4 PM,Overtime,,,,,,,,,
124,Akshay Nair,$33.50,EXR,EXR-OPS,Kappa,C64278,28-10-2021,12-11-2023,Inactive,D,SOW-7705,"$5,540.00",Flexible,Needs training,,,,,,,,,
125,Zara Pathak,$21.00,Analyst,MH-BYN,Eta,C31982,19-11-2021,,Active,B,SOW-5529,"$1,040.00",10 AM - 7 PM,Part-time,,,,,,,,,
126,Akshay Iyer,$25.00,Designer,MH-BYN,Epsilon,C10359,05-04-2019,,Inactive,B,SOW-3448,"$13,390.00",Flexible,Part-time,,,,,,,,,
127,Ved Malik,$54.50,OPS,MH-OPS,Delta,C27314,29-12-2020,25-09-2021,Active,D,SOW-5902,"$6,590.00",1 PM - 10 PM,,,,,,,,,,
128,Ritvik Nair,$55.50,Designer,MH-BYN,Epsilon,C69895,20-11-2023,,Active,A,SOW-2198,"$9,520.00",10 AM - 7 PM,Team lead,,,,,,,,,
129,Ishan Sharma,$46.00,Dev,MH-BYN,Eta,C65496,24-07-2019,13-04-2020,Inactive,D,SOW-2011,"$6,720.00",Flexible,,,,,,,,,,
130,Zara Dutta,$39.50,Designer,MH-BYN,Epsilon,C92956,09-05-2021,09-05-2023,Active,B,SOW-1239,"$7,980.00",10 AM - 7 PM,,,,,,,,,,
131,Zara Kaur,$41.00,OPS,MH-OPS,Iota,C92740,12-10-2019,,Inactive,F,SOW-5981,"$12,090.00",12 PM - 9 PM,On break,,,,,,,,,
132,Krish Malik,$33.00,Designer,MH-BYN,Epsilon,C70607,10-11-2022,14-08-2024,Active,D,SOW-3603,"$13,450.00",1 PM - 10 PM,Team lead,,,,,,,,,
133,Vivaan Naidu,$46.50,Designer,MH-BYN,Beta,C79359,13-04-2020,,Active,E,SOW-9796,"$9,730.00",Flexible,,,,,,,,,,
134,Ananya Verma,$44.00,Dev,MH-BYN,Delta,C52927,02-04-2020,,Inactive,B,SOW-7466,"$5,110.00",9 AM - 6 PM,Team lead,,,,,,,,,
135,Pranav Dutta,$42.50,NEW,EXR-OPS,Iota,C64283,05-04-2023,22-07-2023,Active,D,SOW-9073,"$8,260.00",9 AM - 6 PM,Part-time,,,,,,,,,
136,Akshay Malik,$21.00,OPS,MH-OPS,Iota,C81929,19-12-2021,09-07-2022,Inactive,D,SOW-9864,"$4,060.00",Flexible,Overtime,,,,,,,,,
137,Dhruv Bhat,$36.00,NEW,EXR-OPS,Epsilon,C98363,14-09-2020,15-02-2023,Inactive,C,SOW-4931,"$2,640.00",9 AM - 6 PM,On break,,,,,,,,,
138,Ishan Mehta,$36.50,QA,MH-BYN,Gamma,C85203,12-08-2022,18-05-2024,Inactive,D,SOW-8133,"$8,130.00",Flexible,,,Travel,,,,,,,$180.00
139,Ved Mukherjee,$53.50,OPS,MH-OPS,Kappa,C17634,14-04-2023,19-04-2024,Inactive,F,SOW-9506,"$11,130.00",10 AM - 7 PM,Good performance,,Allowance,,,,,,,₹ 82
140,Shivansh Mukherjee,$43.00,Dev,MH-BYN,Eta,C41984,09-07-2022,29-09-2023,Inactive,D,SOW-9622,"$3,190.00",Flexible,Overtime,,,,,,,,,
141,Ojas Verma,$29.00,Manager,,Theta,C73572,22-09-2023,10-07-2024,Active,D,SOW-8627,"$10,540.00",1 PM - 10 PM,,,Perdiem,,,,,,,₹ 98
142,Aarohi Naidu,$34.00,Analyst,MH-BYN,Zeta,C66549,24-02-2022,,Active,F,SOW-3435,"$10,250.00",9 AM - 6 PM,Needs training,,,,,,,,,
143,Ved Gill,$48.50,Engineer,MH-BYN,Iota,C63567,25-07-2022,,Active,D,SOW-2493,"$1,880.00",9 AM - 6 PM,Overtime,,,,,,,,,
144,Jay Gupta,$41.50,Manager,,Delta,C15938,07-01-2022,04-08-2023,Inactive,F,SOW-6031,"$8,090.00",7 AM - 4 PM,On break,,USD Rate,,,,,,,$116.00
145,Maya Kaur,$30.50,NEW,EXR-OPS,Iota,C24028,09-03-2021,,Inactive,F,SOW-5111,"$1,670.00",9 AM - 6 PM,,,,,,,,,,
146,Maya Mehta,$54.50,Analyst,MH-BYN,Delta,C33354,02-10-2020,26-12-2021,Inactive,A,SOW-1814,"$11,710.00",Flexible,Team lead,,,,,,,,,
147,Maya Singh,$23.50,EXR,EXR-OPS,Kappa,C27119,02-09-2020,,Active,E,SOW-2277,"$6,280.00",7 AM - 4 PM,,,,,,,,,,
148,Vihaan Rao,$24.00,Engineer,MH-BYN,Gamma,C33190,24-11-2023,,Active,F,SOW-1820,"$13,420.00",1 PM - 10 PM,,,,,,,,,,
149,Tara Mukherjee,$42.00,QA,MH-BYN,Alpha,C97116,05-10-2021,08-02-2022,Active,C,SOW-1665,"$8,780.00",Flexible,On break,,,,,,,,,
150,Jay Chopra,$56.00,Analyst,MH-BYN,Delta,C20963,06-04-2023,,Active,E,SOW-4983,"$6,750.00",9 AM - 6 PM,Good performance,,,,,,,,,
151,Maya Gill,$55.50,Engineer,MH-BYN,Gamma,C43577,30-11-2021,28-09-2022,Inactive,E,SOW-1652,"$7,350.00",1 PM - 10 PM,Overtime,,,,,,,,,
152,Tara Mukherjee,$47.50,QA,MH-BYN,Delta,C81197,28-10-2022,18-12-2024,Active,D,SOW-6342,"$10,290.00",12 PM - 9 PM,Team lead,,,,,,,,,
153,Saanvi Mukherjee,$48.00,Manager,,Epsilon,C16348,27-08-2020,,Active,E,SOW-9535,"$9,720.00",1 PM - 10 PM,Good performance,,USD Rate,,,,,,,₹ 92
154,Ananya Pathak,$35.00,Designer,MH-BYN,Theta,C34625,15-10-2023,21-09-2024,Active,F,SOW-7171,"$4,410.00",Flexible,,,,,,,,,,
155,Ved Naidu,$27.50,EXR,EXR-OPS,Zeta,C51221,17-12-2022,06-05-2024,Inactive,A,SOW-8708,"$3,810.00",9 AM - 6 PM,Needs training,,,,,,,,,
156,Zara Pathak,$21.50,EXR,EXR-OPS,Alpha,C73044,12-10-2022,06-10-2023,Inactive,D,SOW-4171,"$10,210.00",7 AM - 4 PM,Part-time,,,,,,,,,
157,Maya Kaur,$30.00,Engineer,MH-BYN,Kappa,C88591,20-09-2020,02-11-2020,Active,D,SOW-4657,"$12,910.00",10 AM - 7 PM,Team lead,,,,,,,,,
158,Sara Menon,$59.00,Designer,MH-BYN,Beta,C68027,18-09-2019,11-05-2022,Active,B,SOW-9130,"$14,020.00",Flexible,Team lead,,Travel,,,,,,,$137.00
